{
  "messageHandlers": ["mapbox"],
  "topology": { "search_radius": 4000 },
  "port_stock_1_capacity": 5000,
  "port_1_rent": 100,
  "storage_cost_per_ton": 10,
  "interest_rate": 0.1,
  "port_stock_1_alarm_level": 0.4,
  "port_stock_replenishment_time": 7,
  "long_trip_truck_capacity": 40,
  "long_trip_cost": 20,
  "min_orders_per_day": 1,
  "max_orders_per_day": 10,
  "mean_orders_per_day": 3,
  "min_quantity": 1,
  "max_quantity": 12,
  "mean_quantity": 3,

  "distributors": {
    "Household00" :[-122.27022577674008, 37.86667523599169],
    "Household01" :[-122.26617627423133, 37.86190325666591],
    "Household02" :[-122.29351766267027, 37.869663636271234],
    "Household03" :[-122.28227336031767, 37.87061519170208],
    "Household04" :[-122.25337751368819, 37.87925078201099],
    "Household05" :[-122.26551965608151, 37.86954704782199],
    "Household06" :[-122.27254082919958, 37.87682880895507],
    "Household07" :[-122.27090280504783, 37.85629823464399],
    "Household08" :[-122.24929949892456, 37.879658229817544],
    "Household09" :[-122.28660472025054, 37.85796787017876],
    "Household010" :[-122.27143710610802, 37.86866867099395],
    "Household011" :[-122.26259966406285, 37.87266629069635],
    "Household012" :[-122.28454345722561, 37.88051654061797],
    "Household013" :[-122.28166535243278, 37.8748441913137],
    "Household014" :[-122.25370061692574, 37.87183436187803],
    "Household015" :[-122.29249135232284, 37.8764666049602],
    "Household016" :[-122.27309081066907, 37.87484288836203],
    "Household017" :[-122.2543744967374, 37.86187630652097],
    "Household018" :[-122.29268216530667, 37.87445281024445],
    "Household019" :[-122.25521566587626, 37.862304480532345],
    "Household10" :[-122.2887000828164, 37.854992954362366],
    "Household11" :[-122.28117814698152, 37.88030570664058],
    "Household12" :[-122.26980264555225, 37.86217172578149],
    "Household13" :[-122.26216407529782, 37.88039621297205],
    "Household14" :[-122.2609168736641, 37.87799086207278],
    "Household15" :[-122.28581568539597, 37.86040570904684],
    "Household193" :[-122.28067486966214, 37.87062118271607],
    "Household194" :[-122.26229249125184, 37.87990304950058],
    "Household195" :[-122.26823163501253, 37.86705884580997],
    "Household196" :[-122.29042813505593, 37.87850661366807],
    "Household197" :[-122.26889865803139, 37.8709749844066],
    "Household198" :[-122.25009902772993, 37.874879957826245],
    "Household199" :[-122.280174846162, 37.87408822315004],
    "Household1910" :[-122.26159978311512, 37.87469380090626],
    "Household1911" :[-122.25443080066741, 37.856933322219334],
    "Household1912" :[-122.2520935777243, 37.87496509775146],
    "Household1913" :[-122.26808823107534, 37.85701793425552],
    "Household1914" :[-122.28243962601626, 37.872553548080525],
    "Household1915" :[-122.25615534866498, 37.87324625981105],
    "Household1916" :[-122.27312843139569, 37.86780533379747],
    "Household1917" :[-122.28208043534356, 37.87492100779726],
    "Household1918" :[-122.25064747317958, 37.868978907564326],
    "Household1919" :[-122.27002746941461, 37.878829980869035]
  },
  "manufacturers": {
    "Store2" :[-122.295394, 37.849074],
    "Store3" :[-122.302624, 37.879541],
    "Store5" :[-122.308142, 37.88384],
    "Store6" :[-122.295394, 37.849074],
    "Store7" :[-122.258463, 37.867881],
    "Store8" :[-122.267772, 37.866924],
    "Store9" :[-122.253204, 37.858608],
    "Store10" :[-122.300136, 37.868393],
    "Store11" :[-122.305307, 37.887526],
    "Store12" :[-122.295351, 37.848932],
    "Store13" :[-122.270429, 37.854369],
    "Store14" :[-122.288156, 37.851856],
    "Store15" :[-122.27958, 37.870652],
    "Store16" :[-122.299856, 37.868963],
    "Store18" :[-122.260091, 37.852889],
    "Store19" :[-122.259059, 37.868115],
    "Store21" :[-122.269376, 37.859595],
    "Store22" :[-122.258812, 37.866919],
    "Store23" :[-122.300712, 37.870173],
    "Store24" :[-122.252444, 37.851005],
    "Store25" :[-122.258451, 37.864898],
    "Store26" :[-122.295394, 37.849074],
    "Store27" :[-122.284865, 37.891066],
    "Store28" :[-122.300572, 37.86975],
    "Store29" :[-122.267871, 37.869562],
    "Store30" :[-122.295394, 37.849074]
  },
  "port_ll": [-122.295394, 37.760467],
  "distributor_ll": [-81.632622, 37.349819],
  "center_ll": [-122.300572, 38.146265],
  "local_distributor": true,
  "steps_per_day": 1000
}
